Direction,Source Framework,Source Control,Target Framework,Target Criterion,Relationship Rationale,Limitations
ISO-to-SOC2,ISO/IEC 27001:2022,A.5.15 Access control,SOC 2 Trust Services Criteria,CC6.1,Both address restricting and managing access to information or systems.,"Illustrative relationship only; scope, control design, and evidence must be assessed separately."
SOC2-to-ISO,SOC 2 Trust Services Criteria,CC6.1,ISO/IEC 27001:2022,A.5.15 Access control,Both address restricting and managing access to information or systems.,"Illustrative relationship only; scope, control design, and evidence must be assessed separately."
ISO-to-SOC2,ISO/IEC 27001:2022,A.5.15 Access control,SOC 2 Trust Services Criteria,CC6.2,Both address restricting and managing access to information or systems.,"Illustrative relationship only; scope, control design, and evidence must be assessed separately."
SOC2-to-ISO,SOC 2 Trust Services Criteria,CC6.2,ISO/IEC 27001:2022,A.5.15 Access control,Both address restricting and managing access to information or systems.,"Illustrative relationship only; scope, control design, and evidence must be assessed separately."
ISO-to-SOC2,ISO/IEC 27001:2022,A.8.5 Secure authentication,SOC 2 Trust Services Criteria,CC6.1,Secure authentication can support logical access restrictions.,Not a one-to-one equivalence; additional criteria and implementation details may apply.
SOC2-to-ISO,SOC 2 Trust Services Criteria,CC6.1,ISO/IEC 27001:2022,A.8.5 Secure authentication,Secure authentication can support logical access restrictions.,Not a one-to-one equivalence; additional criteria and implementation details may apply.
ISO-to-SOC2,ISO/IEC 27001:2022,A.8.13 Information backup,SOC 2 Trust Services Criteria,A1.2,Backup and recovery processes can support availability and recovery objectives.,"Coverage depends on backup protection, recovery testing, system scope, and operating evidence."
SOC2-to-ISO,SOC 2 Trust Services Criteria,A1.2,ISO/IEC 27001:2022,A.8.13 Information backup,Backup and recovery processes can support availability and recovery objectives.,"Coverage depends on backup protection, recovery testing, system scope, and operating evidence."
ISO-to-SOC2,ISO/IEC 27001:2022,A.8.13 Information backup,SOC 2 Trust Services Criteria,A1.3,Backup and recovery processes can support availability and recovery objectives.,"Coverage depends on backup protection, recovery testing, system scope, and operating evidence."
SOC2-to-ISO,SOC 2 Trust Services Criteria,A1.3,ISO/IEC 27001:2022,A.8.13 Information backup,Backup and recovery processes can support availability and recovery objectives.,"Coverage depends on backup protection, recovery testing, system scope, and operating evidence."
ISO-to-SOC2,ISO/IEC 27001:2022,A.8.32 Change management,SOC 2 Trust Services Criteria,CC8.1,Both address controlled changes to systems and related records.,Mapping does not establish that either framework requirement is fully met.
SOC2-to-ISO,SOC 2 Trust Services Criteria,CC8.1,ISO/IEC 27001:2022,A.8.32 Change management,Both address controlled changes to systems and related records.,Mapping does not establish that either framework requirement is fully met.
ISO-to-SOC2,ISO/IEC 27001:2022,"A.6.3 Awareness, education and training",SOC 2 Trust Services Criteria,CC1.4,Training and communication can support personnel responsibilities and information flow.,The exact mapping depends on the organization's program and control implementation.
SOC2-to-ISO,SOC 2 Trust Services Criteria,CC1.4,ISO/IEC 27001:2022,"A.6.3 Awareness, education and training",Training and communication can support personnel responsibilities and information flow.,The exact mapping depends on the organization's program and control implementation.
ISO-to-SOC2,ISO/IEC 27001:2022,"A.6.3 Awareness, education and training",SOC 2 Trust Services Criteria,CC2.2,Training and communication can support personnel responsibilities and information flow.,The exact mapping depends on the organization's program and control implementation.
SOC2-to-ISO,SOC 2 Trust Services Criteria,CC2.2,ISO/IEC 27001:2022,"A.6.3 Awareness, education and training",Training and communication can support personnel responsibilities and information flow.,The exact mapping depends on the organization's program and control implementation.
ISO-to-SOC2,ISO/IEC 27001:2022,A.8.14 Redundancy,SOC 2 Trust Services Criteria,A1.1,Redundancy and capacity planning can support availability objectives.,Not a substitute for assessing the full Availability criteria.
SOC2-to-ISO,SOC 2 Trust Services Criteria,A1.1,ISO/IEC 27001:2022,A.8.14 Redundancy,Redundancy and capacity planning can support availability objectives.,Not a substitute for assessing the full Availability criteria.
ISO-to-SOC2,ISO/IEC 27001:2022,A.8.14 Redundancy,SOC 2 Trust Services Criteria,A1.2,Redundancy and capacity planning can support availability objectives.,Not a substitute for assessing the full Availability criteria.
SOC2-to-ISO,SOC 2 Trust Services Criteria,A1.2,ISO/IEC 27001:2022,A.8.14 Redundancy,Redundancy and capacity planning can support availability objectives.,Not a substitute for assessing the full Availability criteria.
ISO-to-SOC2,ISO/IEC 27001:2022,A.5.12 Classification of information,SOC 2 Trust Services Criteria,CC6.1,Classification can inform access restrictions and information protection.,Related objectives differ; a mapping requires context-specific analysis.
SOC2-to-ISO,SOC 2 Trust Services Criteria,CC6.1,ISO/IEC 27001:2022,A.5.12 Classification of information,Classification can inform access restrictions and information protection.,Related objectives differ; a mapping requires context-specific analysis.
ISO-to-SOC2,ISO/IEC 27001:2022,A.5.12 Classification of information,SOC 2 Trust Services Criteria,CC6.7,Classification can inform access restrictions and information protection.,Related objectives differ; a mapping requires context-specific analysis.
SOC2-to-ISO,SOC 2 Trust Services Criteria,CC6.7,ISO/IEC 27001:2022,A.5.12 Classification of information,Classification can inform access restrictions and information protection.,Related objectives differ; a mapping requires context-specific analysis.
ISO-to-SOC2,ISO/IEC 27001:2022,A.8.15 Logging,SOC 2 Trust Services Criteria,CC7.2,Logging supports anomaly detection and event monitoring.,"Illustrative relationship; log coverage, protection, retention, and operating effectiveness require separate assessment."
SOC2-to-ISO,SOC 2 Trust Services Criteria,CC7.2,ISO/IEC 27001:2022,A.8.15 Logging,Logging supports anomaly detection and event monitoring.,"Illustrative relationship; log coverage, protection, retention, and operating effectiveness require separate assessment."
ISO-to-SOC2,ISO/IEC 27001:2022,A.8.16 Monitoring activities,SOC 2 Trust Services Criteria,CC7.2,Monitoring can support anomaly detection and event evaluation.,The mapping does not establish full criteria coverage.
SOC2-to-ISO,SOC 2 Trust Services Criteria,CC7.2,ISO/IEC 27001:2022,A.8.16 Monitoring activities,Monitoring can support anomaly detection and event evaluation.,The mapping does not establish full criteria coverage.
ISO-to-SOC2,ISO/IEC 27001:2022,A.8.16 Monitoring activities,SOC 2 Trust Services Criteria,CC7.3,Monitoring can support anomaly detection and event evaluation.,The mapping does not establish full criteria coverage.
SOC2-to-ISO,SOC 2 Trust Services Criteria,CC7.3,ISO/IEC 27001:2022,A.8.16 Monitoring activities,Monitoring can support anomaly detection and event evaluation.,The mapping does not establish full criteria coverage.
ISO-to-SOC2,ISO/IEC 27001:2022,A.5.24 Incident management planning; A.5.26 Incident response,SOC 2 Trust Services Criteria,CC7.3,"Incident preparation, response, and recovery activities may support SOC 2 incident-response and recovery criteria.","Map only after confirming the specific control design, system scope, and evidence."
SOC2-to-ISO,SOC 2 Trust Services Criteria,CC7.3,ISO/IEC 27001:2022,A.5.24 Incident management planning; A.5.26 Incident response,"Incident preparation, response, and recovery activities may support SOC 2 incident-response and recovery criteria.","Map only after confirming the specific control design, system scope, and evidence."
ISO-to-SOC2,ISO/IEC 27001:2022,A.5.24 Incident management planning; A.5.26 Incident response,SOC 2 Trust Services Criteria,CC7.4,"Incident preparation, response, and recovery activities may support SOC 2 incident-response and recovery criteria.","Map only after confirming the specific control design, system scope, and evidence."
SOC2-to-ISO,SOC 2 Trust Services Criteria,CC7.4,ISO/IEC 27001:2022,A.5.24 Incident management planning; A.5.26 Incident response,"Incident preparation, response, and recovery activities may support SOC 2 incident-response and recovery criteria.","Map only after confirming the specific control design, system scope, and evidence."
ISO-to-SOC2,ISO/IEC 27001:2022,A.5.24 Incident management planning; A.5.26 Incident response,SOC 2 Trust Services Criteria,CC7.5,"Incident preparation, response, and recovery activities may support SOC 2 incident-response and recovery criteria.","Map only after confirming the specific control design, system scope, and evidence."
SOC2-to-ISO,SOC 2 Trust Services Criteria,CC7.5,ISO/IEC 27001:2022,A.5.24 Incident management planning; A.5.26 Incident response,"Incident preparation, response, and recovery activities may support SOC 2 incident-response and recovery criteria.","Map only after confirming the specific control design, system scope, and evidence."
ISO-to-SOC2,ISO/IEC 27001:2022,A.8.8 Management of technical vulnerabilities,SOC 2 Trust Services Criteria,CC7.1,Vulnerability identification and remediation can support vulnerability and configuration monitoring.,SOC 2 CC7.1 coverage requires its own criteria-level assessment.
SOC2-to-ISO,SOC 2 Trust Services Criteria,CC7.1,ISO/IEC 27001:2022,A.8.8 Management of technical vulnerabilities,Vulnerability identification and remediation can support vulnerability and configuration monitoring.,SOC 2 CC7.1 coverage requires its own criteria-level assessment.
ISO-to-SOC2,ISO/IEC 27001:2022,A.8.7 Protection against malware,SOC 2 Trust Services Criteria,CC6.8,Malware protection can support protection against malicious software and unauthorized software activity.,Not a one-to-one equivalence; validate design and evidence.
SOC2-to-ISO,SOC 2 Trust Services Criteria,CC6.8,ISO/IEC 27001:2022,A.8.7 Protection against malware,Malware protection can support protection against malicious software and unauthorized software activity.,Not a one-to-one equivalence; validate design and evidence.
ISO-to-SOC2,ISO/IEC 27001:2022,A.5.19–A.5.22 Supplier relationships,SOC 2 Trust Services Criteria,CC9.2,Supplier risk management activities may support third-party risk criteria.,"Assess supplier scope, risk assessment, contract terms, and monitoring separately."
SOC2-to-ISO,SOC 2 Trust Services Criteria,CC9.2,ISO/IEC 27001:2022,A.5.19–A.5.22 Supplier relationships,Supplier risk management activities may support third-party risk criteria.,"Assess supplier scope, risk assessment, contract terms, and monitoring separately."
ISO-to-SOC2,ISO/IEC 27001:2022,A.5.16 Identity management; A.5.18 Access rights,SOC 2 Trust Services Criteria,CC6.2,"Identity lifecycle and access-right controls may support user registration, authorization, and access removal criteria.",Control details and evidence must be mapped individually.
SOC2-to-ISO,SOC 2 Trust Services Criteria,CC6.2,ISO/IEC 27001:2022,A.5.16 Identity management; A.5.18 Access rights,"Identity lifecycle and access-right controls may support user registration, authorization, and access removal criteria.",Control details and evidence must be mapped individually.
ISO-to-SOC2,ISO/IEC 27001:2022,A.5.16 Identity management; A.5.18 Access rights,SOC 2 Trust Services Criteria,CC6.3,"Identity lifecycle and access-right controls may support user registration, authorization, and access removal criteria.",Control details and evidence must be mapped individually.
SOC2-to-ISO,SOC 2 Trust Services Criteria,CC6.3,ISO/IEC 27001:2022,A.5.16 Identity management; A.5.18 Access rights,"Identity lifecycle and access-right controls may support user registration, authorization, and access removal criteria.",Control details and evidence must be mapped individually.
ISO-to-SOC2,ISO/IEC 27001:2022,Clause 6.1.2 Information security risk assessment,SOC 2 Trust Services Criteria,CC3.2,Risk assessment activities may support identifying and analyzing risks to objectives.,The frameworks have distinct requirements and should not be treated as interchangeable.
SOC2-to-ISO,SOC 2 Trust Services Criteria,CC3.2,ISO/IEC 27001:2022,Clause 6.1.2 Information security risk assessment,Risk assessment activities may support identifying and analyzing risks to objectives.,The frameworks have distinct requirements and should not be treated as interchangeable.
