Risk ID,Risk Title,Asset,Threat,Vulnerability,Likelihood (1-5),Impact (1-5),Inherent Risk Score,Inherent Risk Level,Risk Treatment,Risk Owner,Annex A Control Mapping,Planned Controls,Residual Likelihood (1-5),Residual Impact (1-5),Residual Risk Score,Residual Risk Level,Risk Acceptance Decision
RISK-001,Unauthorized access to privileged accounts,Identity and access management,Credential theft,Weak or missing MFA,4,5,20,Critical,Mitigate,IT Security,A.8.5; A.5.18; A.8.2,Enforce MFA and review privileged access rights,TBD,TBD,TBD,TBD,Pending
RISK-002,Data loss due to ransomware,Endpoints and file servers,Ransomware infection,Insufficient backup protection,4,5,20,Critical,Mitigate,IT Operations,A.8.13; A.8.7,Implement tested offline or immutable backups and endpoint protection,TBD,TBD,TBD,TBD,Pending
RISK-003,Exposure of sensitive data,Cloud storage,Unauthorized disclosure,Incorrect access permissions,3,5,15,High,Mitigate,IT Security,A.5.15; A.5.23; A.8.16,Review cloud storage permissions and monitor access to sensitive data,TBD,TBD,TBD,TBD,Pending
RISK-004,Phishing and credential compromise,Email systems and user accounts,Phishing attack,Insufficient email filtering and user awareness,4,4,16,High,Mitigate,IT Security,A.6.3; A.8.7,Implement email security and malware protection controls and phishing awareness training,TBD,TBD,TBD,TBD,Pending
RISK-005,Loss of critical business data,Backup systems and databases,Accidental deletion or system failure,Inadequate backup testing,3,5,15,High,Mitigate,IT Operations,A.8.13,Implement regular backups and conduct restoration tests,TBD,TBD,TBD,TBD,Pending
RISK-006,Unauthorized changes to production systems,Production servers,Insider threat or unauthorized changes,Weak change management controls,3,4,12,High,Mitigate,IT Operations,A.8.32; A.8.16,Enforce change approval and monitor privileged activities,TBD,TBD,TBD,TBD,Pending
RISK-007,Service disruption due to network failure,Network infrastructure,Hardware failure or network outage,Single points of failure,3,4,12,High,Mitigate,IT Operations,A.8.14; A.8.20; A.8.22,"Implement redundancy, segment networks, and monitor network availability",TBD,TBD,TBD,TBD,Pending
RISK-008,Improper handling of classified information,Employee endpoints and shared file storage,Accidental or unauthorized disclosure,Information is not classified or labeled consistently,3,5,15,High,Mitigate,IT Security,A.5.12; A.5.15,Classify and label information and apply handling restrictions,TBD,TBD,TBD,TBD,Pending
RISK-009,Supplier or third-party compromise,Cloud and managed service dependencies,Supplier compromise or insecure service change,Supplier assurance and contractual security requirements not verified,3,5,15,High,Mitigate,Vendor Management; IT Security,A.5.19; A.5.20; A.5.21; A.5.22; A.5.23,"Perform supplier due diligence, define security clauses, review service changes and assurance evidence",TBD,TBD,TBD,TBD,Pending
RISK-010,Exploitation of unpatched vulnerability,"Endpoints, servers, and network devices",Exploitation of known vulnerability,"Delayed vulnerability discovery, prioritization, or remediation",4,5,20,Critical,Mitigate,IT Security,A.8.8; A.8.9; A.8.16,"Maintain asset coverage, scan and prioritize vulnerabilities, track remediation and exceptions",TBD,TBD,TBD,TBD,Pending
RISK-011,Security monitoring or logging failure,"SIEM, log sources, and critical systems",Failure or tampering prevents detection,"Incomplete log source coverage, retention, or alerting",3,4,12,High,Mitigate,SOC,A.8.15; A.8.16; A.8.17,"Monitor log pipeline health, protect logs, validate time synchronization, and review coverage",TBD,TBD,TBD,TBD,Pending
RISK-012,Sensitive data leakage,"Cloud storage, endpoints, and email",Accidental sharing or unauthorized exfiltration,"Weak classification, sharing controls, or monitoring",3,5,15,High,Mitigate,IT Security,A.5.12; A.5.14; A.8.12; A.8.16,"Classify information, restrict transfers and sharing, and monitor for suspicious data movement",TBD,TBD,TBD,TBD,Pending
